<?xml version="1.0" encoding="UTF-8"?>
<project-private xmlns="http://www.netbeans.org/ns/project-private/1">
    <editor-bookmarks xmlns="http://www.netbeans.org/ns/editor-bookmarks/2" lastBookmarkId="0"/>
    <open-files xmlns="http://www.netbeans.org/ns/projectui-open-files/2">
        <group>
            <file>file:/Users/pauravpatel/Desktop/SEM%202/CIS%202168/Palindrome/Lab4/src/lab4/Lab4.java</file>
            <file>file:/Users/pauravpatel/Desktop/SEM%202/CIS%202168/Palindrome/Lab4/src/lab4/Queue.java</file>
            <file>file:/Users/pauravpatel/Desktop/SEM%202/CIS%202168/Palindrome/Lab4/src/lab4/Stack.java</file>
            <file>file:/Users/pauravpatel/Desktop/SEM%202/CIS%202168/Palindrome/Lab4/src/lab4/Node.java</file>
        </group>
    </open-files>
</project-private>
